{"cameraMode":{"drawMode":0,"name":"Shaded","section":"Shading Mode"},"sceneLighting":true,"audioPlay":false,"sceneViewState":{"showFog":true,"showMaterialUpdate":false,"showSkybox":true,"showFlares":true,"showImageEffects":true,"showParticleSystems":true},"in2DMode":false,"pivot":{"x":0.7729406356811523,"y":2.947265625,"z":2.0687127113342287},"rotation":{"x":-0.1496296226978302,"y":0.8365346193313599,"z":-0.2803725600242615,"w":-0.4464126229286194},"size":14.097180366516114,"orthographic":true}